1,Lay Phyu,လေးဖြူ,Kharee A Sone Hti,ခရီးအဆုံးထိ,https://www.youtube.com/watch?v=eUGQqO1Ssug&list=PLYSyX_qwcf8WN0RdrpV940kOCs0qFezVK
2,Lay Phyu,လေးဖြူ,Di Yay Di Hlay,ဒီရေဒီလှေ,https://www.youtube.com/watch?v=FCXWW5hX3_Q&list=PLYSyX_qwcf8WN0RdrpV940kOCs0qFezVK&index=15
3,Lay Phyu,လေးဖြူ,Mar Yar,မာယာ,https://www.youtube.com/watch?v=Y-ia3TB7Roc&list=PLYSyX_qwcf8WN0RdrpV940kOCs0qFezVK&index=35
4,Lay Phyu,လေးဖြူ,Lann,လမ်း,https://www.youtube.com/watch?v=cbdC-IlWvNg&list=PLYSyX_qwcf8WN0RdrpV940kOCs0qFezVK&index=38
5,Lay Phyu,လေးဖြူ,December,ဒီဇင်ဘာ,https://www.youtube.com/watch?v=gOTggfN0DDo&list=PLYSyX_qwcf8WN0RdrpV940kOCs0qFezVK&index=43
6,Lay Phyu,လေးဖြူ,Late Pyar,လိပ်ပြာ,https://www.youtube.com/watch?v=DhuqbyXmyuU&list=PLYSyX_qwcf8WN0RdrpV940kOCs0qFezVK&index=63
7,Lay Phyu,လေးဖြူ,Yin Thae Ka Moe Sat Myar,ရင်ထဲကမိုးစက်များ,https://www.youtube.com/watch?v=qjIflpxYWc8&list=PLYSyX_qwcf8WN0RdrpV940kOCs0qFezVK&index=70
8,Lay Phyu,လေးဖြူ,A Yay Ma Gyi Buu,အရေးမကြီးဘူး,https://www.youtube.com/watch?v=kRBXxZcEGeM&list=PLYSyX_qwcf8WN0RdrpV940kOCs0qFezVK&index=71
9,Lay Phyu,လေးဖြူ,Shauk Shauk,လျှောက်လျှောက်,https://www.youtube.com/watch?v=mmwI1Rdoz2A&list=PLYSyX_qwcf8WN0RdrpV940kOCs0qFezVK&index=72
10,Lay Phyu,လေးဖြူ,A Mae Lite A Ka,အမဲလိုက်အက,https://www.youtube.com/watch?v=3Ki_Q-eU_f0&list=PLYSyX_qwcf8WN0RdrpV940kOCs0qFezVK&index=73
11,Lay Phyu,လေးဖြူ,A War Yaung Kite Khae Mu,အဝါရောင်ကိုက်ခဲမှု,https://www.youtube.com/watch?v=D6o_CroUES4&list=PLYSyX_qwcf8WN0RdrpV940kOCs0qFezVK&index=74
12,Lay Phyu,လေးဖြူ,A Chit A Kyaung,အချစ်အကြောင်း,https://www.youtube.com/watch?v=VMR7FSCt-R0&list=PLYSyX_qwcf8WN0RdrpV940kOCs0qFezVK&index=157
13,Lay Phyu,လေးဖြူ,A Pae Khan,အပယ်ခံ,https://www.youtube.com/watch?v=kNpIYYF-UyE&list=PLYSyX_qwcf8WN0RdrpV940kOCs0qFezVK&index=175
14,Lay Phyu,လေးဖြူ,Lay Lwint Thu,လေလွင့်သူ,https://www.youtube.com/watch?v=pwE29gqrlvA&list=PLYSyX_qwcf8WN0RdrpV940kOCs0qFezVK&index=176
15,Lay Phyu,လေးဖြူ,Ah Thit,အသစ်,https://www.youtube.com/watch?v=fBaP2oSwOU4&list=PLYSyX_qwcf8WN0RdrpV940kOCs0qFezVK&index=177
16,Lay Phyu,လေးဖြူ,Hman,မှန်,https://www.youtube.com/watch?v=aAZP5cEqZlw&list=PLYSyX_qwcf8WN0RdrpV940kOCs0qFezVK&index=178
17,Lay Phyu,လေးဖြူ,A Phay,အဖေ,https://www.youtube.com/watch?v=gLZjwbx3-o8&list=PLYSyX_qwcf8WN0RdrpV940kOCs0qFezVK&index=180
18,Lay Phyu,လေးဖြူ,Nya Nay Kyal,ညနေကြယ်,https://www.youtube.com/watch?v=kw0QyaEcYFY&list=PLYSyX_qwcf8WN0RdrpV940kOCs0qFezVK&index=183
19,Lay Phyu,လေးဖြူ,Minn Nae A Way Sone,မင်းနဲ့အဝေးဆုံး,https://www.youtube.com/watch?v=ql9FdBJQ5jQ&list=PLYSyX_qwcf8WN0RdrpV940kOCs0qFezVK&index=184
20,Lay Phyu,လေးဖြူ,Htar Khae Oo,ထားခဲ့ဦး,https://www.youtube.com/watch?v=h5NkEdJvP78&list=PLYSyX_qwcf8WN0RdrpV940kOCs0qFezVK&index=185
21,Lay Phyu,လေးဖြူ,Eain Mat Ka Pyar,အိပ်မက်ကဗျာ,https://www.youtube.com/watch?v=0x-CynPOPts&list=PLYSyX_qwcf8WN0RdrpV940kOCs0qFezVK&index=187
22,Lay Phyu,လေးဖြူ,Doh Pyan Tway Mae A Chain,တို့ပြန်တွေ့မယ့်အချိန်,https://www.youtube.com/watch?v=pALLJ4ulmeg&list=PLYSyX_qwcf8WN0RdrpV940kOCs0qFezVK&index=188
23,Lay Phyu,လေးဖြူ,A Ate Myat Khinn Sein,အတိတ်မျက်ခင်းစိမ်း,https://www.youtube.com/watch?v=Hzg8XQOU2dU&list=PLYSyX_qwcf8WN0RdrpV940kOCs0qFezVK&index=190
24,Lay Phyu,လေးဖြူ,Eain Mat Ya Htar,အိပ်မက်ရထား,https://www.youtube.com/watch?v=jLk2pkh66BU&list=PLYSyX_qwcf8WN0RdrpV940kOCs0qFezVK&index=191
25,Lay Phyu,လေးဖြူ,Nya Yae Suu,ညရဲ့ဆူး,https://www.youtube.com/watch?v=czCsbtmlSMw&list=PLYSyX_qwcf8WN0RdrpV940kOCs0qFezVK&index=192
26,Lay Phyu,လေးဖြူ,Mone Lite,မုန်းလိုက်,https://www.youtube.com/watch?v=dQL5AmEGZUQ&list=PLYSyX_qwcf8WN0RdrpV940kOCs0qFezVK&index=193
27,Lay Phyu,လေးဖြူ,Kabar Gyi Ka Lone Pyi Wine Nay Taw,ကမ္ဘာကြီးကလုံးပြီးဝိုင်းနေတော့,https://www.youtube.com/watch?v=PyidcT4r2qM&list=PLYSyX_qwcf8WN0RdrpV940kOCs0qFezVK&index=194
28,Lay Phyu,လေးဖြူ,Myaw Lint Chinn Lay,မျှော်လင့်ခြင်းလေး,https://www.youtube.com/watch?v=5PGrhea2Xl0&list=PLYSyX_qwcf8WN0RdrpV940kOCs0qFezVK&index=195
29,Lay Phyu,လေးဖြူ,A Linn Yaung,အလင်းရောင်,https://www.youtube.com/watch?v=129amftky90&list=PLYSyX_qwcf8WN0RdrpV940kOCs0qFezVK&index=196
30,Lay Phyu,လေးဖြူ,Yin Sine Mae,ရင်ဆိုင်မယ်,https://www.youtube.com/watch?v=CQMLQKARtiI&list=PLYSyX_qwcf8WN0RdrpV940kOCs0qFezVK&index=197
31,Lay Phyu,လေးဖြူ,Dan Yar,ဒဏ်ရာ,https://www.youtube.com/watch?v=H7D5sh2gjZI&list=PLYSyX_qwcf8WN0RdrpV940kOCs0qFezVK&index=198
32,Lay Phyu,လေးဖြူ,Shay Ka Kaung Kin,ရှေ့ကကောင်းကင်,https://www.youtube.com/watch?v=lgFye6jcMHc&list=PLYSyX_qwcf8WN0RdrpV940kOCs0qFezVK&index=199
33,Lay Phyu,လေးဖြူ,A Taung Pan Myar Nae,အတောင်ပံများနှင့်,https://www.youtube.com/watch?v=UC9PN93yeVU&list=PLYSyX_qwcf8WN0RdrpV940kOCs0qFezVK&index=200
34,Lay Phyu,လေးဖြူ,Nya,ည,https://www.youtube.com/watch?v=pFJuoNDfkjs&list=PLYSyX_qwcf8WN0RdrpV940kOCs0qFezVK&index=201
35,Lay Phyu,လေးဖြူ,Nauk Htat Doh Ma Way Buu,နောက်ထပ်တို့မဝေးဘူး,https://www.youtube.com/watch?v=p1LnKtb24KU&list=PLYSyX_qwcf8WN0RdrpV940kOCs0qFezVK&index=202
36,Ma Riz Za,မာရဇ္ဇ,Eip Yay Pyat,အိပ်ရေးပျက်,https://www.youtube.com/watch?v=s-HOOqaC7I8&list=PLYSyX_qwcf8WN0RdrpV940kOCs0qFezVK&index=2
37,Ma Riz Za,မာရဇ္ဇ,A Lwan Ni Kone,အလွမ်းနိဂုံး,https://www.youtube.com/watch?v=16wkB98Qt64&list=PLYSyX_qwcf8WN0RdrpV940kOCs0qFezVK&index=76
38,Ma Riz Za,မာရဇ္ဇ,Myaw Lint Chinn La Minn,မျှော်လင့်ခြင်းလမင်း,https://www.youtube.com/watch?v=o5Mns0Styvw&list=PLYSyX_qwcf8WN0RdrpV940kOCs0qFezVK&index=77
39,Ma Riz Za,မာရဇ္ဇ,Yin Tho Toe Whae Sae Par Khaing,ရင်သို့တိုးဝှေ့ဆဲပါခိုင်,https://www.youtube.com/watch?v=4kKLT7GIJsQ&list=PLYSyX_qwcf8WN0RdrpV940kOCs0qFezVK&index=78
40,Ma Riz Za,မာရဇ္ဇ,Chit Lo,ချစ်လို့,https://www.youtube.com/watch?v=SKoZJFRW_Kk&list=PLYSyX_qwcf8WN0RdrpV940kOCs0qFezVK&index=79
41,Ma Riz Za,မာရဇ္ဇ,Yay Lo Ay Lo Pann Lo Cham Myay Par Say,ရေလိုအေးလို့ပန်းလိုချမ်းမြေ့ပါစေ,https://www.youtube.com/watch?v=3U_c3hRIyp4&list=PLYSyX_qwcf8WN0RdrpV940kOCs0qFezVK&index=80
42,Ma Riz Za,မာရဇ္ဇ,Hin Thar Doh Yae Nann Taw Shay,ဟင်္သာတို့ရဲ့နန်းတော်ရှေ့,https://www.youtube.com/watch?v=G6rIo0GQGME&list=PLYSyX_qwcf8WN0RdrpV940kOCs0qFezVK&index=81
43,Ma Riz Za,မာရဇ္ဇ,Ma Aye Ko Chit Lo,မအေးကိုချစ်လို့,https://www.youtube.com/watch?v=O5nYf2MJVcI&list=PLYSyX_qwcf8WN0RdrpV940kOCs0qFezVK&index=83
44,Ma Riz Za,မာရဇ္ဇ,Kinn Sa Nar,ကဉ္ဏနာ,https://www.youtube.com/watch?v=AlJ2r4WV4Qw&list=PLYSyX_qwcf8WN0RdrpV940kOCs0qFezVK&index=84
45,Ma Riz Za,မာရဇ္ဇ,Dha Na Mae A Chit Yae Shauk Htar Chat,ဓနမဲ့အချစ်ရဲ့လျှောက်ထားချက်,https://www.youtube.com/watch?v=J3VxgNZRc9o&list=PLYSyX_qwcf8WN0RdrpV940kOCs0qFezVK&index=85
46,Ma Riz Za,မာရဇ္ဇ,Mone Khine Tine Ma Mone Nine Buu,မုန်းခိုင်းတိုင်းမမုန်းနိုင်ဘူး,https://www.youtube.com/watch?v=5-tcNKjoRwQ&list=PLYSyX_qwcf8WN0RdrpV940kOCs0qFezVK&index=86
47,Ma Riz Za,မာရဇ္ဇ,Swae Arr,ဆွဲအား,https://www.youtube.com/watch?v=lASwyqXONO8&list=PLYSyX_qwcf8WN0RdrpV940kOCs0qFezVK&index=87
48,Ma Riz Za,မာရဇ္ဇ,A Lwan Mate Sway,အလွမ်းမိတ်ဆွေ,https://www.youtube.com/watch?v=A-TTisNrS6o&list=PLYSyX_qwcf8WN0RdrpV940kOCs0qFezVK&index=92
49,Ma Riz Za,မာရဇ္ဇ,Lwan Yay Khat Khat,လွမ်းရေးခက်ခက်,https://www.youtube.com/watch?v=Y16q05z7F_s&list=PLYSyX_qwcf8WN0RdrpV940kOCs0qFezVK&index=98
50,Wai La,ဝေလ,Ma Lar Chin Nae,မလာချင်နဲ့,https://www.youtube.com/watch?v=ykHAJNqXupI&list=PLYSyX_qwcf8WN0RdrpV940kOCs0qFezVK&index=3
51,Htoo El Lynn,ထူးအယ်လင်း,Thit Pinn Oh Yae Kabar,သစ်ပင်အိုရဲ့ကမ္ဘာ,https://www.youtube.com/watch?v=9nrd4RL8MJg&list=PLYSyX_qwcf8WN0RdrpV940kOCs0qFezVK&index=4
52,Htoo El Lynn,ထူးအယ်လင်း,A Chit Lo Khaw Lar,အချစ်လို့ခေါ်လား,https://www.youtube.com/watch?v=A9dLZbRL3y0&list=PLYSyX_qwcf8WN0RdrpV940kOCs0qFezVK&index=20
53,Htoo El Lynn,ထူးအယ်လင်း,Lo Yin A Kone Lone Yu,လိုရင်အကုန်လုံးယူ,https://www.youtube.com/watch?v=L4PpNo0HObU&list=PLYSyX_qwcf8WN0RdrpV940kOCs0qFezVK&index=105
54,Htoo El Lynn,ထူးအယ်လင်း,Nga Tha Mee Sar Kyat Nay Dae,ငါ့သမီးစာကျက်နေတယ်,https://www.youtube.com/watch?v=yBtPW4xAlLc&list=PLYSyX_qwcf8WN0RdrpV940kOCs0qFezVK&index=111
55,Htoo El Lynn,ထူးအယ်လင်း,Minn Lay Nar Lal,မင်းလေးနားလည်,https://www.youtube.com/watch?v=k1iY3RlubrU&list=RDk1iY3RlubrU&start_radio=1
56,Wine Wine,ဝိုင်ဝိုင်း,May Mhar Par,မေ့မှာပါ,https://www.youtube.com/watch?v=en40R-9-Sv8&list=PLYSyX_qwcf8WN0RdrpV940kOCs0qFezVK&index=5
57,Wine Wine,ဝိုင်ဝိုင်း,Hnalone Thar Shar Thu,နှလုံးသားရှာသူ,https://www.youtube.com/watch?v=b-1u9isRi1k&list=PLYSyX_qwcf8WN0RdrpV940kOCs0qFezVK&index=6
58,Wine Wine,ဝိုင်ဝိုင်း,Thin Khann Sar,သင်ခန်းစာ,https://www.youtube.com/watch?v=QBZNMX3h4lk&list=PLYSyX_qwcf8WN0RdrpV940kOCs0qFezVK&index=8
59,Wine Wine,ဝိုင်ဝိုင်း,Kyoe Mae Swon,ကြိုးမဲ့စွန်,https://www.youtube.com/watch?v=SBZhBpf9uac&list=PLYSyX_qwcf8WN0RdrpV940kOCs0qFezVK&index=9
60,Wine Wine,ဝိုင်ဝိုင်း,See,စည်း,https://www.youtube.com/watch?v=PLWdz3f9sJI&list=PLYSyX_qwcf8WN0RdrpV940kOCs0qFezVK&index=10
61,Wine Wine,ဝိုင်ဝိုင်း,Lwan Nay Oo Mae,လွမ်းနေဦးမယ်,https://www.youtube.com/watch?v=Pqkky_a9E9U&list=PLYSyX_qwcf8WN0RdrpV940kOCs0qFezVK&index=21
62,Wine Wine,ဝိုင်ဝိုင်း,Ma Khaw Yat Buu,မခေါ်ရက်ဘူး,https://www.youtube.com/watch?v=uNyCg7WKL1g&list=PLYSyX_qwcf8WN0RdrpV940kOCs0qFezVK&index=22
63,Wine Wine,ဝိုင်ဝိုင်း,Kyay Zu,ကျေးဇူး,https://www.youtube.com/watch?v=meKgPBgB4lM&list=PLYSyX_qwcf8WN0RdrpV940kOCs0qFezVK&index=23
64,Wine Wine,ဝိုင်ဝိုင်း,A Narr Mhar Shi Yin,အနားမှာရှိရင်,https://www.youtube.com/watch?v=kBxDwvH5b0w&list=PLYSyX_qwcf8WN0RdrpV940kOCs0qFezVK&index=24
65,Wine Wine,ဝိုင်ဝိုင်း,Late Mat Ta Khu Pya Zat Ta Poke,အိပ်မက်တစ်ခုပြဇာတ်တစ်ပုဒ်,https://www.youtube.com/watch?v=OJHqwa7wGQU&list=PLYSyX_qwcf8WN0RdrpV940kOCs0qFezVK&index=25
66,Wine Wine,ဝိုင်ဝိုင်း,Tha Minn Lal Pyan,သမင်လည်ပြန်,https://www.youtube.com/watch?v=fSlaQxHdSgA&list=PLYSyX_qwcf8WN0RdrpV940kOCs0qFezVK&index=28
67,Wine Wine,ဝိုင်ဝိုင်း,Minn A Chit Kyaung,မင်းအချစ်ကြောင့်,https://www.youtube.com/watch?v=X5qa59kx4Go&list=PLYSyX_qwcf8WN0RdrpV940kOCs0qFezVK&index=61
68,Wine Wine,ဝိုင်ဝိုင်း,Phyay Theint Lite,ဖြေသိမ့်လိုက်,https://www.youtube.com/watch?v=rYmiDRWye58&list=PLYSyX_qwcf8WN0RdrpV940kOCs0qFezVK&index=64
69,R Zar Ni,Rဇာနည်,Ta Khar Ta Lay,တခါတလေ,https://www.youtube.com/watch?v=er-CAe3tlx0&list=PLYSyX_qwcf8WN0RdrpV940kOCs0qFezVK&index=7
70,R Zar Ni,Rဇာနည်,A Thint Thu,အသင့်သူ,https://www.youtube.com/watch?v=D7A5dzRE5_A&list=PLYSyX_qwcf8WN0RdrpV940kOCs0qFezVK&index=12
71,R Zar Ni,Rဇာနည်,Shway Lal Tine,ရွှေလည်တိုင်,https://www.youtube.com/watch?v=qhbS--OsshM&list=PLYSyX_qwcf8WN0RdrpV940kOCs0qFezVK&index=17
72,R Zar Ni,Rဇာနည်,Yay Sar Oo Zat Lann,ရည်းစားဦးဇာတ်လမ်း,https://www.youtube.com/watch?v=Go1A3qzfYIA&list=PLYSyX_qwcf8WN0RdrpV940kOCs0qFezVK&index=26
73,R Zar Ni,Rဇာနည်,Shinn Pya Khwint Pay Par,ရှင်းပြခွင့်ပေးပါ,https://www.youtube.com/watch?v=5PW9b6Z4uWo&list=PLYSyX_qwcf8WN0RdrpV940kOCs0qFezVK&index=31
74,R Zar Ni,Rဇာနည်,Ko Narr Shi Say Chin,ကိုယ့်အနားရှိစေချင်,https://www.youtube.com/watch?v=zuhlGGDiqV8&list=PLYSyX_qwcf8WN0RdrpV940kOCs0qFezVK&index=68
75,R Zar Ni,Rဇာနည်,Kyoe Pu Khat Nite Nyeit Twal Chinn,ကြိုးပုခက်၌ငြိတွယ်ခြင်း,https://www.youtube.com/watch?v=4okCxwD70CE&list=PLYSyX_qwcf8WN0RdrpV940kOCs0qFezVK&index=93
76,R Zar Ni,Rဇာနည်,La Minn Lay,လမင်းလေး,https://www.youtube.com/watch?v=4jG4HPR8uSk&list=PLYSyX_qwcf8WN0RdrpV940kOCs0qFezVK&index=94
77,R Zar Ni,Rဇာနည်,Lwal Nay Dae Sone Myat Myar,လွဲနေတဲ့ဆုံမှတ်များ,https://www.youtube.com/watch?v=UXnpgOHLj0g&list=PLYSyX_qwcf8WN0RdrpV940kOCs0qFezVK&index=95
78,R Zar Ni,Rဇာနည်,Kan Kaung Lo,ကံကောင်းလို့,https://www.youtube.com/watch?v=w4C3ToByIKs&list=PLYSyX_qwcf8WN0RdrpV940kOCs0qFezVK&index=96
79,R Zar Ni,Rဇာနည်,Nay Yar 2,နေရာ၂,https://www.youtube.com/watch?v=wJOtUBC9Xjo&list=PLYSyX_qwcf8WN0RdrpV940kOCs0qFezVK&index=109
80,R Zar Ni,Rဇာနည်,Pyan Lar Pyi,ပြန်လာပြီ,https://www.youtube.com/watch?v=Tiw0l5FAsi0&list=PLYSyX_qwcf8WN0RdrpV940kOCs0qFezVK&index=155
81,R Zar Ni,Rဇာနည်,A Pyit Ma Tin Yat Par,အပြစ်မတင်ရက်ပါ,https://www.youtube.com/watch?v=l_F3kqXZA84&list=PLYSyX_qwcf8WN0RdrpV940kOCs0qFezVK&index=156
82,Sai Htee Saing,စိုင်းထီးဆိုင်,Amay Ay Yeik Thar Pyan Khae Pyi,အမေ့အေးရိပ်သားပြန်ခဲ့ပြီ,https://www.youtube.com/watch?v=ROA1GT2Hna4&list=PLYSyX_qwcf8WN0RdrpV940kOCs0qFezVK&index=11
83,Sai Htee Saing,စိုင်းထီးဆိုင်,Lwan Tay,လွမ်းတေး,https://www.youtube.com/watch?v=vtFQvrvTGIo&list=PLYSyX_qwcf8WN0RdrpV940kOCs0qFezVK&index=18
84,Sai Htee Saing,စိုင်းထီးဆိုင်,Bee Ka Lay Ko See,ဘီးကလေးကိုစီး,https://www.youtube.com/watch?v=7MMX2-Yvq1I&list=PLYSyX_qwcf8WN0RdrpV940kOCs0qFezVK&index=27
85,Sai Htee Saing,စိုင်းထီးဆိုင်,A Chit So Dae A Rar Thar,အချစ်ဆိုတဲ့အရသာ,https://www.youtube.com/watch?v=KEG2A244O2w&list=PLYSyX_qwcf8WN0RdrpV940kOCs0qFezVK&index=33
86,Sai Htee Saing,စိုင်းထီးဆိုင်,Than Khaung Htet Nat Dae Nya,သန်းခေါင်ထက်နက်တဲ့ည,https://www.youtube.com/watch?v=S-NbIyjeJ-k&list=PLYSyX_qwcf8WN0RdrpV940kOCs0qFezVK&index=37
87,Sai Htee Saing,စိုင်းထီးဆိုင်,Amay Poke Yay,အမေ့ရုပ်ရည်,https://www.youtube.com/watch?v=kdiZTNGf2MI&list=PLYSyX_qwcf8WN0RdrpV940kOCs0qFezVK&index=40
88,Sai Htee Saing,စိုင်းထီးဆိုင်,Yar Thi Pyaung Chain,ရာသီပြောင်းချိန်,https://www.youtube.com/watch?v=HSa3eZAFYwk&list=PLYSyX_qwcf8WN0RdrpV940kOCs0qFezVK&index=49
89,Sai Htee Saing,စိုင်းထီးဆိုင်,Maung Ayine Pann,မောင့်အရိုင်းပန်း,https://www.youtube.com/watch?v=sanxNK540mE&list=RDsanxNK540mE&start_radio=1
90,Sai Htee Saing,စိုင်းထီးဆိုင်,Tha Khint Si A Pyay Pyan Lar Myi,သခင့်ဆီအပြေးပြန်လာမည်,https://www.youtube.com/watch?v=j-iHOcOspXg&list=RDj-iHOcOspXg&start_radio=1
91,Sai Htee Saing,စိုင်းထီးဆိုင်,Maung La Pyit Wun,မောင့်လပြည့်ဝန်း,https://www.youtube.com/watch?v=XYm2yK85Gew&list=RDXYm2yK85Gew&start_radio=1
92,Sai Htee Saing,စိုင်းထီးဆိုင်,Seik Nyoh Shin,စိတ်ညို့ရှင်,https://www.youtube.com/watch?v=YPq6I2BzVNE&list=RDYPq6I2BzVNE&start_radio=1
93,Sai Htee Saing,စိုင်းထီးဆိုင်,Ko Chit Nae Ayar Yar Ko A Kaung Tine Phit Say Mae,ကိုယ့်အချစ်နဲ့အရာရာကိုအကောင်းတိုင်းဖြစ်စေမယ်,https://www.youtube.com/watch?v=iV40JwPmdZ8&list=RDiV40JwPmdZ8&start_radio=1
94,Sai Htee Saing,စိုင်းထီးဆိုင်,Cherry Ko Thar Pann Par Kwal,ချယ်ရီကိုသာပန်ပါကွယ်,https://www.youtube.com/watch?v=L3tmXj63OjY&list=RDL3tmXj63OjY&start_radio=1
95,Sai Htee Saing,စိုင်းထီးဆိုင်,Nga Bawa,ငါ့ဘဝ,https://www.youtube.com/watch?v=6_MGOD3eWEg&list=RD6_MGOD3eWEg&start_radio=1
96,Sai Htee Saing,စိုင်းထီးဆိုင်,Kyin Phuu Sar Ma Myi Lo Lar,ကြင်ဖူးစာမမည်လို့လား,https://www.youtube.com/watch?v=dxujLR7-gOo&list=RDdxujLR7-gOo&start_radio=1
97,Sai Htee Saing,စိုင်းထီးဆိုင်,Thate Thate Chit Ya Dae Nwet Tin Yal,သိပ်သိပ်ချစ်ရတဲ့နွဲ့တင်ရယ်,https://www.youtube.com/watch?v=R8e-IVT6Dxg&list=RDR8e-IVT6Dxg&start_radio=1
98,Sai Htee Saing,စိုင်းထီးဆိုင်,Chit Tar Ta Khu Tal Thi Dae,ချစ်တာတခုတည်းသိတယ်,https://www.youtube.com/watch?v=hfMsRlVDY88&list=RDhfMsRlVDY88&start_radio=1
99,Sai Htee Saing,စိုင်းထီးဆိုင်,Nay Yit Taw Kwal Thwar Taw Mae,နေရစ်တော့ကွယ်သွားတော့မယ်,https://www.youtube.com/watch?v=4l8MlC13aiY&list=RD4l8MlC13aiY&start_radio=1
100,Zaw Paing,ဇော်ပိုင်,Yin Khon Ya Lunn Lo,ရင်ခုန်ရလွန်းလို့,https://www.youtube.com/watch?v=iATF1vlhLxs&list=PLYSyX_qwcf8WN0RdrpV940kOCs0qFezVK&index=13
101,Zaw Paing,ဇော်ပိုင်,Minn Atwat So Yin,မင်းအတွက်ဆိုရင်,https://www.youtube.com/watch?v=oOLVv0Y1m0A&list=PLYSyX_qwcf8WN0RdrpV940kOCs0qFezVK&index=41
102,Zaw Paing,ဇော်ပိုင်,An Za Li,အဉ္ဇလီ,https://www.youtube.com/watch?v=oFNwfl5h0hA&list=PLYSyX_qwcf8WN0RdrpV940kOCs0qFezVK&index=107
103,Zaw Paing,ဇော်ပိုင်,Naung Ta,နောင်တ,https://www.youtube.com/watch?v=nGTgWVy0LSM&list=PLYSyX_qwcf8WN0RdrpV940kOCs0qFezVK&index=108
104,Zaw Paing,ဇော်ပိုင်,Ma Nay Ka Kaung Ma Lay,မနေ့ကကောင်မလေး,https://www.youtube.com/watch?v=DWibgzfXr8U&list=PLYSyX_qwcf8WN0RdrpV940kOCs0qFezVK&index=119
105,Zaw Paing,ဇော်ပိုင်,A Nam Nay Zwal,အနမ်းနေ့စွဲ,https://www.youtube.com/watch?v=3r9Uop0lG3E&list=PLYSyX_qwcf8WN0RdrpV940kOCs0qFezVK&index=120
106,Zaw Paing,ဇော်ပိုင်,Pann Pwint Haung Lay,ပန်းပွင့်ဟောင်းလေး,https://www.youtube.com/watch?v=TjaxOhLd2Xw&list=PLYSyX_qwcf8WN0RdrpV940kOCs0qFezVK&index=121
107,Zaw Paing,ဇော်ပိုင်,Myat Yay So Ngo Lite Tine,မျက်ရည်စိုငိုလိုက်တိုင်း,https://www.youtube.com/watch?v=DFB9im5A3P4&list=PLYSyX_qwcf8WN0RdrpV940kOCs0qFezVK&index=123
108,Zaw Paing,ဇော်ပိုင်,Myo A Win Nya,မြို့အဝင်ည,https://www.youtube.com/watch?v=lMJrtL-Y-gY&list=PLYSyX_qwcf8WN0RdrpV940kOCs0qFezVK&index=124
109,Zaw Paing,ဇော်ပိုင်,Sont Thwar Taw Nay Chi,စွန့်သွားတော့နေခြည်,https://www.youtube.com/watch?v=a2uyAuR56GU&list=PLYSyX_qwcf8WN0RdrpV940kOCs0qFezVK&index=125
110,Zaw Paing,ဇော်ပိုင်,Minn Nae Mha Chit Tat Pyi,မင်းနဲ့မှချစ်တတ်ပြီ,https://www.youtube.com/watch?v=tPVDLceLJP4&list=PLYSyX_qwcf8WN0RdrpV940kOCs0qFezVK&index=126
111,Zaw Paing,ဇော်ပိုင်,Saunt Shauk Thu,စောင့်ရှောက်သူ,https://www.youtube.com/watch?v=8WyktJG8RrM&list=PLYSyX_qwcf8WN0RdrpV940kOCs0qFezVK&index=127
112,Chaw Ngel,ချောငယ်,Seik Kuu Lay Par Pal,စိတ်ကူးလေးပါပဲ,https://www.youtube.com/watch?v=OcV_osTAUMc&list=PLYSyX_qwcf8WN0RdrpV940kOCs0qFezVK&index=14
113,L Sai Zi,Lဆိုင်းဇီ,Late Late Lay Pal Chit Thwar Mae,တိတ်တိတ်လေးပဲချစ်သွားမယ်,https://www.youtube.com/watch?v=DGfn4YGaUNY&list=PLYSyX_qwcf8WN0RdrpV940kOCs0qFezVK&index=16
114,A Nge,အငဲ,Myaw Lint Chinn Kwinn Pyin,မျှော်လင့်ခြင်းကွင်းပြင်,https://www.youtube.com/watch?v=0ETSR7LdipA&list=PLYSyX_qwcf8WN0RdrpV940kOCs0qFezVK&index=19
115,A Nge,အငဲ,Nal Myay Thit Myar Swar,နယ်မြေသစ်များစွာ,https://www.youtube.com/watch?v=j4ZG6MLFht8&list=PLYSyX_qwcf8WN0RdrpV940kOCs0qFezVK&index=69
116,A Nge,အငဲ,A Hmaung Thae Ka Thu Sein A Kyaung,အမှောင်ထဲကသူစိမ်းအကြောင်း,https://www.youtube.com/watch?v=JZxuWRAvV2U&list=PLYSyX_qwcf8WN0RdrpV940kOCs0qFezVK&index=162
117,A Nge,အငဲ,A Linn Hnit Myar,အလင်းနှစ်များ,https://www.youtube.com/watch?v=-nlBTjgNWc0&list=PLYSyX_qwcf8WN0RdrpV940kOCs0qFezVK&index=166
118,A Nge,အငဲ,Nat Mi Mal Mein Ma Hla Lay,နတ်မိမယ်မိန်းမလှလေး,https://www.youtube.com/watch?v=U0IKtFRHs6I&list=PLYSyX_qwcf8WN0RdrpV940kOCs0qFezVK&index=169
119,G Lat,G Lat,Kyo Nay Say Chin Dal,ကြိုနေစေချင်တယ်,https://www.youtube.com/watch?v=BV3cTvM6bVQ&list=PLYSyX_qwcf8WN0RdrpV940kOCs0qFezVK&index=29
120,Khin Maung Htoo,ခင်မောင်ထူး,A Chit A Yu Khan,အချစ်အယူခံ,https://www.youtube.com/watch?v=lZbFW-wIcP4&list=PLYSyX_qwcf8WN0RdrpV940kOCs0qFezVK&index=30
121,Han Tun,ဟန်ထွန်း,Ayin Ka Zat Lann,အရင်ကဇာတ်လမ်း,https://www.youtube.com/watch?v=O-_Lhwrf8pM&list=PLYSyX_qwcf8WN0RdrpV940kOCs0qFezVK&index=32
122,Bo Phyu,ဘိုဖြူ,Yin Twin May,ရင်တွင်းမေ,https://www.youtube.com/watch?v=yDV89sZ9c_k&list=PLYSyX_qwcf8WN0RdrpV940kOCs0qFezVK&index=34
123,Bo Phyu,ဘိုဖြူ,Lat Tee,လတ်တီး,https://www.youtube.com/watch?v=FUztGjYwbz4&list=PLYSyX_qwcf8WN0RdrpV940kOCs0qFezVK&index=45
124,Wa Na,ဝန,A Hmat Ta Ya,အမှတ်တရ,https://www.youtube.com/watch?v=HGqQc4WXMqI&list=PLYSyX_qwcf8WN0RdrpV940kOCs0qFezVK&index=36
125,Htoo Eain Thin,ထူးအိမ်သင်,Amay Ta Khu Thar Ta Khu,အမေတစ်ခုသားတစ်ခု,https://www.youtube.com/watch?v=PWwGvD-kh4k&list=PLYSyX_qwcf8WN0RdrpV940kOCs0qFezVK&index=39
126,Htoo Eain Thin,ထူးအိမ်သင်,A Chit So Thee Mar,အချစ်ဆိုသည်မှာ,https://www.youtube.com/watch?v=UzEmjh-AKes&list=RDUzEmjh-AKes&start_radio=1
127,Htoo Eain Thin,ထူးအိမ်သင်,A Khar Lwin Moe,အခါလွန်မိုး,https://www.youtube.com/watch?v=3qURtmk-C4Q&list=PLFHrluO1a_Xktioz0fTXVEiFtNNo_KAXS
128,Htoo Eain Thin,ထူးအိမ်သင်,A May Aeim,အမေ့အိမ်,https://www.youtube.com/watch?v=x7rjKm5PCFU&list=PLFHrluO1a_Xktioz0fTXVEiFtNNo_KAXS&index=3
129,Htoo Eain Thin,ထူးအိမ်သင်,Way Thwar Dae Akhar,ဝေးသွားတဲ့အခါ,https://www.youtube.com/watch?v=9PWIGZHGo0Q&list=PLFHrluO1a_Xktioz0fTXVEiFtNNo_KAXS&index=4
130,Htoo Eain Thin,ထူးအိမ်သင်,Sway Dae,ဆွေးတယ်,https://www.youtube.com/watch?v=HovlFKFTs90&list=RDHovlFKFTs90&start_radio=1
131,Htoo Eain Thin,ထူးအိမ်သင်,Kaung Kin Htet Ka Myit Ta Sinn,ကောင်းကင်ထက်ကမြစ်တစင်း,https://www.youtube.com/watch?v=zfG2Kiq_ErE&list=RDzfG2Kiq_ErE&start_radio=1
132,Htoo Eain Thin,ထူးအိမ်သင်,Kyay Zu Par May May,ကျေးဇူးပါမေမေ,https://www.youtube.com/watch?v=qY5klzsXTvw&list=RDqY5klzsXTvw&start_radio=1
133,Htoo Eain Thin,ထူးအိမ်သင်,Lay Lwint Chinn Lann Ma Myar,လေလွင့်ခြင်းလမ်းမများ,https://www.youtube.com/watch?v=S5wDYSPMscw&list=RDS5wDYSPMscw&start_radio=1
134,Htoo Eain Thin,ထူးအိမ်သင်,Minn Ma Shi Dae Nauk,မင်းမရှိတဲ့နောက်,https://www.youtube.com/watch?v=Op1U3aKzkoM&list=RDOp1U3aKzkoM&start_radio=1
135,Htoo Eain Thin,ထူးအိမ်သင်,Nway Oo Kant Kaw,နွေဦးကံ့ကော်,https://www.youtube.com/watch?v=IUjaMMzR6kI&list=RDIUjaMMzR6kI&start_radio=1
136,Htoo Eain Thin,ထူးအိမ်သင်,Chit Thu Lat Saung,ချစ်သူလက်ဆောင်,https://www.youtube.com/watch?v=oje1gkol3fA&list=RDoje1gkol3fA&start_radio=1
137,Htoo Eain Thin,ထူးအိမ်သင်,Kyway Haung Sat Khwint Pyu Par Amay,ကြွေးဟောင်းဆပ်ခွင့်ပြုပါအမေ,https://www.youtube.com/watch?v=5ZMXH1ZXdPs&list=RD5ZMXH1ZXdPs&start_radio=1
138,Htoo Eain Thin,ထူးအိမ်သင်,Kyal Tway Sone Dae Nya,ကြယ်တွေစုံတဲ့ည,https://www.youtube.com/watch?v=l7pa-H-MoR0&list=RDl7pa-H-MoR0&start_radio=1
139,Htoo Eain Thin,ထူးအိမ်သင်,Tu Nhine Mae Ya Ta Nar,တုနှိုင်းမဲ့ရတနာ,https://www.youtube.com/watch?v=iCfomyeQ57M&list=RDiCfomyeQ57M&start_radio=1
140,Htoo Eain Thin,ထူးအိမ်သင်,Nar Yi Paw Mha Myat Yay Sat Myar,နာရီပေါ်မှမျက်ရဉ်စက်များ,https://www.youtube.com/watch?v=OCx4LcG1bXo&list=RDOCx4LcG1bXo&start_radio=1
141,Htoo Eain Thin,ထူးအိမ်သင်,Ta Nay Nay Taw Chit Lar Late Myi,တနေ့နေ့တော့ချစ်လာလိမ့်မည်,https://www.youtube.com/watch?v=X7-TQREsEH4&list=RDX7-TQREsEH4&start_radio=1
142,Htoo Eain Thin,ထူးအိမ်သင်,Pyan Ma Lar Taw Buu Kwal,ပြန်မလာတော့ဘူးကွယ်,https://www.youtube.com/watch?v=WsQIF0YQQPo&list=RDWsQIF0YQQPo&start_radio=1
143,Htoo Eain Thin,ထူးအိမ်သင်,Late Mat Thae Ka Ya Htar Gyi,အိပ်မက်ထဲကရထားကြီး,https://www.youtube.com/watch?v=Qrnx-VM2MM4&list=RDQrnx-VM2MM4&start_radio=1
144,Htoo Eain Thin,ထူးအိမ်သင်,Tha Chinn Myar Nae Lu,သီချင်းများနဲ့လူ,https://www.youtube.com/watch?v=GCV7ZLj5-NI&list=RDGCV7ZLj5-NI&start_radio=1
145,Htoo Eain Thin,ထူးအိမ်သင်,Sein Yat Lay Arr,စိမ်းရက်လေအား,https://www.youtube.com/watch?v=Sjc66W7fw8Y&list=RDSjc66W7fw8Y&start_radio=1
146,Htoo Eain Thin,ထူးအိမ်သင်,A Kyinn Nar Late Mat,အကြင်နာအိပ်မက်,https://www.youtube.com/watch?v=pCSvqEm1cOo&list=RDpCSvqEm1cOo&start_radio=1
147,Htoo Eain Thin,ထူးအိမ်သင်,May May Nay Kaung Lar,မေမေနေကောင်းလား,https://www.youtube.com/watch?v=HtaejbOrXGY&list=RDHtaejbOrXGY&start_radio=1
148,Htoo Eain Thin,ထူးအိမ်သင်,A Di Pa Ti Lann Ka Chay Yar Myar,အဓိပတိလမ်းကခြေရာများ,https://www.youtube.com/watch?v=7YnseS8aofA&list=RD7YnseS8aofA&start_radio=1
149,Rain Moe,ရိန်မိုး,Kaung Kin Ka A Chit Nghet,ကောင်းကင်ကအချစ်ငှက်,https://www.youtube.com/watch?v=R9Rk36_S1no&list=PLYSyX_qwcf8WN0RdrpV940kOCs0qFezVK&index=42
150,Rain Moe,ရိန်မိုး,Pyo Pyo May Yal,ပျိုပျိုမေရယ်,https://www.youtube.com/watch?v=1HO9wlR6pPY&list=PLYSyX_qwcf8WN0RdrpV940kOCs0qFezVK&index=117
151,Nyi Min Khine,ညီမင်းခိုင်,Nwal Ni,နွယ်နီ,https://www.youtube.com/watch?v=a2IoJiLhK24&list=PLYSyX_qwcf8WN0RdrpV940kOCs0qFezVK&index=44
152,Soe Paing,စိုးပိုင်,Hnote Ma Sat Nae Ngo Chin Dal,နှုတ်မဆက်နဲ့ငိုချင်တယ်,https://www.youtube.com/watch?v=01Pje6TnQoI&list=PLYSyX_qwcf8WN0RdrpV940kOCs0qFezVK&index=46
153,Sai Saing Maw,စိုင်းဆိုင်မောဝ်,Maung Pay Dae A Chit Pyan Sat Khae Par,မောင်ပေးတဲ့အချစ်ပြန်ဆပ်ခဲ့ပါ,https://www.youtube.com/watch?v=1-_KDrpX1O4&list=PLYSyX_qwcf8WN0RdrpV940kOCs0qFezVK&index=47
154,Kai Za,ကိုင်ဇာ,Tathet Lone Pal Thati Ya Nay Mae,တသက်လုံးပဲသတိရနေမယ်,https://www.youtube.com/watch?v=MgzeMuu6P-s&list=PLYSyX_qwcf8WN0RdrpV940kOCs0qFezVK&index=48
155,Khin Maung Toe,ခင်မောင်တိုး,Myat Thwal,မျက်သွယ်,https://www.youtube.com/watch?v=VEqRu2Pgj3w&list=PLYSyX_qwcf8WN0RdrpV940kOCs0qFezVK&index=50
156,Khin Maung Toe,ခင်မောင်တိုး,Lay Nyoh Shin,လေးညှို့ရှင်,https://www.youtube.com/watch?v=rWqRZORhWoE&list=PLYSyX_qwcf8WN0RdrpV940kOCs0qFezVK&index=51
157,Khin Maung Toe,ခင်မောင်တိုး,See Lal Hlite Than,ဆည်းလည်းလှိုက်သံ,https://www.youtube.com/watch?v=TqnJuZukIjY&list=PLYSyX_qwcf8WN0RdrpV940kOCs0qFezVK&index=52
158,Khin Maung Toe,ခင်မောင်တိုး,Pann Chit Thu,ပန်းချစ်သူ,https://www.youtube.com/watch?v=ckBo3Irc33M&list=PLYSyX_qwcf8WN0RdrpV940kOCs0qFezVK&index=53
159,Khin Maung Toe,ခင်မောင်တိုး,Ma Har San Thu,မဟာဆန်သူ,https://www.youtube.com/watch?v=t5pOnBbqR_U&list=PLYSyX_qwcf8WN0RdrpV940kOCs0qFezVK&index=134
160,Khin Maung Toe,ခင်မောင်တိုး,Kyoe Kyar Than,ကြိုးကြာသံ,https://www.youtube.com/watch?v=Xe5LAn3liGs&list=PLYSyX_qwcf8WN0RdrpV940kOCs0qFezVK&index=135
161,Khin Maung Toe,ခင်မောင်တိုး,Way Khae Pyi Pann Kha Yann Pyar,ဝေးခဲ့ပြီပန်းခရမ်းပြာ,https://www.youtube.com/watch?v=QVkKT9V1K2Y&list=PLYSyX_qwcf8WN0RdrpV940kOCs0qFezVK&index=136
162,Khin Maung Toe,ခင်မောင်တိုး,A Chit Sit So Tar,အချစ်စစ်ဆိုတာ,https://www.youtube.com/watch?v=qvwkcwfJ1mI&list=PLYSyX_qwcf8WN0RdrpV940kOCs0qFezVK&index=137
163,Khin Maung Toe,ခင်မောင်တိုး,Wine Yae See Sar,ဝိုင်းရဲ့ဆည်းဆာ,https://www.youtube.com/watch?v=yhHA6r3b6jk&list=PLYSyX_qwcf8WN0RdrpV940kOCs0qFezVK&index=138
164,Khin Maung Toe,ခင်မောင်တိုး,Ya Ta Nar Thu,ရတနာသူ,https://www.youtube.com/watch?v=fpR7KI3poBs&list=PLYSyX_qwcf8WN0RdrpV940kOCs0qFezVK&index=139
165,Khin Maung Toe,ခင်မောင်တိုး,Saung Kyoe Shite Than,စောင်းကြိုးရှိုက်သံ,https://www.youtube.com/watch?v=KcQoFm6EAJ8&list=PLYSyX_qwcf8WN0RdrpV940kOCs0qFezVK&index=140
166,Khin Maung Toe,ခင်မောင်တိုး,Dan Da Yi,ဒဏ္ဍာရီ,https://www.youtube.com/watch?v=GsEnSeHA5gA&list=PLYSyX_qwcf8WN0RdrpV940kOCs0qFezVK&index=141
167,Khin Maung Toe,ခင်မောင်တိုး,Yaung Sin Khon Hnit Thwal,ရောင်စင်ခုနှစ်သွယ်,https://www.youtube.com/watch?v=xayORqT6B94&list=PLYSyX_qwcf8WN0RdrpV940kOCs0qFezVK&index=142
168,Khin Maung Toe,ခင်မောင်တိုး,Kone Lwal Lunn Lite Tar,ကုန်လွယ်လွန်းလိုက်တာ,https://www.youtube.com/watch?v=QcjSY0VnzeE&list=PLYSyX_qwcf8WN0RdrpV940kOCs0qFezVK&index=143
169,Khin Maung Toe,ခင်မောင်တိုး,Yo Yo Lay Thar Wut Khae Par,ရိုးရိုးလေးသာဝတ်ခဲ့ပါ,https://www.youtube.com/watch?v=Yfz0xqnc38U&list=PLYSyX_qwcf8WN0RdrpV940kOCs0qFezVK&index=144
170,Khin Maung Toe,ခင်မောင်တိုး,Tha Chinn Ta Poke Pann Ta Soke,သီချင်းတစ်ပုဒ်ပန်းတစ်ဆုပ်,https://www.youtube.com/watch?v=i_hJa_Z2eGM&list=PLYSyX_qwcf8WN0RdrpV940kOCs0qFezVK&index=145
171,Khin Maung Toe,ခင်မောင်တိုး,Bawa Sat Tine Atu,ဘဝဆက်တိုင်းအတူ,https://www.youtube.com/watch?v=ztu2RXJP9i8&list=PLYSyX_qwcf8WN0RdrpV940kOCs0qFezVK&index=147
172,Khin Maung Toe,ခင်မောင်တိုး,Ywar Mae So Yin Lay,ရွာမယ်ဆိုရင်လေ,https://www.youtube.com/watch?v=qWWZsh7be0k&list=PLYSyX_qwcf8WN0RdrpV940kOCs0qFezVK&index=148
173,Khin Maung Toe,ခင်မောင်တိုး,Moe Lone Hmline,မိုးလုံးမှိုင်း,https://www.youtube.com/watch?v=6L5olUTHG48&list=PLYSyX_qwcf8WN0RdrpV940kOCs0qFezVK&index=149
174,Hlwam Moe,လွှမ်းမိုး,Moe Sat Tin Lay,မိုးစက်တင်လေ,https://www.youtube.com/watch?v=BC_qdplYe0I&list=PLYSyX_qwcf8WN0RdrpV940kOCs0qFezVK&index=54
175,Hlwam Moe,လွှမ်းမိုး,A Khu Taw Par Zat Yar Za Win Lay Ta Khu Phit Lo Kyan Khae Pyi,အခုတော့ပါးစပ်ရာဇဝင်လေးတခုဖြစ်လို့ကျန်ခဲ့ပြီ,https://www.youtube.com/watch?v=LDLdBoaV7gE&list=PLYSyX_qwcf8WN0RdrpV940kOCs0qFezVK&index=56
176,Kaung Kaung,ကောင်းကောင်း,Pyaw Nay Par,ပျော်နေပါ,https://www.youtube.com/watch?v=d-C_yUkISTg&list=PLYSyX_qwcf8WN0RdrpV940kOCs0qFezVK&index=55
177,Mi Mi Win Phay,မီမီဝင်းဖေ,Late Ta Kho A Chit,တိတ်တခိုးအချစ်,https://www.youtube.com/watch?v=D4jopbIu7so&list=PLYSyX_qwcf8WN0RdrpV940kOCs0qFezVK&index=57
178,Thar Di Lu,သာဒီးလူ,Lo Tha Lo Thone,လိုသလိုသုံး,https://www.youtube.com/watch?v=fZB6xJz70qc&list=PLYSyX_qwcf8WN0RdrpV940kOCs0qFezVK&index=58
179,Wai Gyi,ဝေကြီး,Line Paw Ma Tin Par Nae,လိုင်းပေါ်မတင်ပါနဲ့,https://www.youtube.com/watch?v=VJb5jHjaH_o&list=PLYSyX_qwcf8WN0RdrpV940kOCs0qFezVK&index=59
180,Myo Gyi,မျိုးကြီး,Nyi Lay,ညီလေး,https://www.youtube.com/watch?v=YWUN6Wm1w30&list=PLYSyX_qwcf8WN0RdrpV940kOCs0qFezVK&index=60
181,Myo Gyi,မျိုးကြီး,Minn Thi Thint Dal,မင်းသိသင့်တယ်,https://www.youtube.com/watch?v=1gG3WPWEOSo&list=PLYSyX_qwcf8WN0RdrpV940kOCs0qFezVK&index=62
182,Myo Gyi,မျိုးကြီး,Yo Shinn Thaw Bawa,ရိုးရှင်းသောဘဝ,https://www.youtube.com/watch?v=1IUvhmur2iU&list=PLYSyX_qwcf8WN0RdrpV940kOCs0qFezVK&index=67
183,Myo Gyi,မျိုးကြီး,Pyan Ma Ya Buu,ပြန်မရဘူး,https://www.youtube.com/watch?v=p5U1kCexKIE&list=PLYSyX_qwcf8WN0RdrpV940kOCs0qFezVK&index=159
184,Myo Gyi,မျိုးကြီး,Mee Myar,မီးများ,https://www.youtube.com/watch?v=wFs1Yc5NE2Q&list=PLYSyX_qwcf8WN0RdrpV940kOCs0qFezVK&index=164
185,Myo Gyi,မျိုးကြီး,Sha Ta Nay Yet Myar,ရှတနေ့ရက်များ,https://www.youtube.com/watch?v=cOu9MFRIhIY&list=PLYSyX_qwcf8WN0RdrpV940kOCs0qFezVK&index=167
186,Myo Gyi,မျိုးကြီး,Nya Nay,ညနေ,https://www.youtube.com/watch?v=X4pj6AFf17I&list=PLYSyX_qwcf8WN0RdrpV940kOCs0qFezVK&index=203
187,Myo Gyi,မျိုးကြီး,Ma Nat Khinn Ta Khu Mway Phwar Chinn,မနက်ခင်းတစ်ခုမွေးဖွားခြင်း,https://www.youtube.com/watch?v=UxWIQ3Zv9gE&list=PLYSyX_qwcf8WN0RdrpV940kOCs0qFezVK&index=204
188,Myo Gyi,မျိုးကြီး,Kywinn Laung Chinn,ကျွမ်းလောင်ခြင်း,https://www.youtube.com/watch?v=d8aF1IbH9dQ&list=PLYSyX_qwcf8WN0RdrpV940kOCs0qFezVK&index=205
189,Myo Gyi,မျိုးကြီး,Yin Khon Than Ayinn Knee Sone,ရင်ခုန်သံအရင်းနှီးဆုံး,https://www.youtube.com/watch?v=v7DicGw-w0M&list=PLYSyX_qwcf8WN0RdrpV940kOCs0qFezVK&index=207
190,Myo Gyi,မျိုးကြီး,A Thate Khwet,အဆိပ်ခွက်,https://www.youtube.com/watch?v=JIohn0kvKwA&list=PLYSyX_qwcf8WN0RdrpV940kOCs0qFezVK&index=208
191,Myo Gyi,မျိုးကြီး,Nga Yae Ba Yin Ma,ငါ့ရဲ့ဘုရင်မ,https://www.youtube.com/watch?v=TrqBg1-6HB0&list=PLYSyX_qwcf8WN0RdrpV940kOCs0qFezVK&index=209
192,Myo Gyi,မျိုးကြီး,Lay Pyay,လေပြေ,https://www.youtube.com/watch?v=EYLKixHMSRA&list=PLYSyX_qwcf8WN0RdrpV940kOCs0qFezVK&index=210
193,Myo Gyi,မျိုးကြီး,Yan Thu Ta Htaung,ရန်သူတစ်ထောင်,https://www.youtube.com/watch?v=wgbQNZI2E1o&list=PLYSyX_qwcf8WN0RdrpV940kOCs0qFezVK&index=211
194,Myo Gyi,မျိုးကြီး,Minn Nyinn Pal Pyi Nauk,မင်းငြင်းပယ်ပြီးနောက်,https://www.youtube.com/watch?v=Vri_LfPuDiw&list=PLYSyX_qwcf8WN0RdrpV940kOCs0qFezVK&index=212
195,Myo Gyi,မျိုးကြီး,Lwan Dae Seik,လွမ်းတဲ့စိတ်,https://www.youtube.com/watch?v=d754QgT0ISk&list=PLYSyX_qwcf8WN0RdrpV940kOCs0qFezVK&index=213
196,Myo Gyi,မျိုးကြီး,Mar Yar Atwat Thin Khann Sar,မာယာအတွက်သင်ခန်းစာ,https://www.youtube.com/watch?v=qwnwtObuqzo&list=PLYSyX_qwcf8WN0RdrpV940kOCs0qFezVK&index=214
197,Myo Gyi,မျိုးကြီး,A Kham Nar Sone,အခမ်းနားဆုံး,https://www.youtube.com/watch?v=jr1a7gCTGaA&list=PLYSyX_qwcf8WN0RdrpV940kOCs0qFezVK&index=215
198,So Tay,ဆိုတေး,A Way Yauk Chit Thu,အဝေးရောက်ချစ်သူ,https://www.youtube.com/watch?v=8OWCYC-xLbY&list=PLYSyX_qwcf8WN0RdrpV940kOCs0qFezVK&index=65
199,Pu Suu,ပူစူး,Kaung Ma Lay,ကောင်မလေး,https://www.youtube.com/watch?v=hdJC_odrGmA&list=PLYSyX_qwcf8WN0RdrpV940kOCs0qFezVK&index=66
200,Pu Suu,ပူစူး,Myat Hnar,မျက်နှာ,https://www.youtube.com/watch?v=6X_gyGFcuOY&list=PLYSyX_qwcf8WN0RdrpV940kOCs0qFezVK&index=172
201,Pu Suu,ပူစူး,Hla Pyi Thar Par,လှပြီးသားပါ,https://www.youtube.com/watch?v=r-31K4HzpMY&list=PLYSyX_qwcf8WN0RdrpV940kOCs0qFezVK&index=173
202,Mi Mi Khe,မီးမီးခဲ,A Phay Ay Yeik,အဖေ့အေးရိပ်,https://www.youtube.com/watch?v=ME1Hh-9TI4k&list=PLYSyX_qwcf8WN0RdrpV940kOCs0qFezVK&index=75
203,Mi Mi Khe,မီးမီးခဲ,Thate Chit Tar Pal,သိပ်ချစ်တာပဲ,https://www.youtube.com/watch?v=TF19HYOpffk&list=PLYSyX_qwcf8WN0RdrpV940kOCs0qFezVK&index=112
204,Ye Thwin,ရဲသွင်,Minn Ma Thi Buu Lar,မင်းမသိဘူးလား,https://www.youtube.com/watch?v=UzMg_m2J8EI&list=PLYSyX_qwcf8WN0RdrpV940kOCs0qFezVK&index=88
205,Ye Thwin,ရဲသွင်,Swont Sar Mae A Chit,စွန့်စားမယ်အချစ်,https://www.youtube.com/watch?v=veyWYxAjuEk&list=PLYSyX_qwcf8WN0RdrpV940kOCs0qFezVK&index=90
206,Ye Thwin,ရဲသွင်,Chit Pyi Mha Taw,ချစ်ပြီးမှတော့,https://www.youtube.com/watch?v=A8ituzbScoI&list=PLYSyX_qwcf8WN0RdrpV940kOCs0qFezVK&index=91
207,Khine Htoo,ခိုင်ထူး,Tha Chinn Ta Poke Pann Ta Soke,သီချင်းတစ်ပုဒ်ပန်းတစ်ဆုပ်,https://www.youtube.com/watch?v=H3Sowc1Nivg&list=PLYSyX_qwcf8WN0RdrpV940kOCs0qFezVK&index=97
208,Khine Htoo,ခိုင်ထူး,A Chit Tha Chinn,အချစ်သီချင်း,https://www.youtube.com/watch?v=PGcjDqJTRzw&list=PLYSyX_qwcf8WN0RdrpV940kOCs0qFezVK&index=99
209,Khine Htoo,ခိုင်ထူး,Bhal Thu Mha Ma Kaung Buu,ဘယ်သူမှမကောင်းဘူး,https://www.youtube.com/watch?v=jO5eZtZnqPM&list=PLYSyX_qwcf8WN0RdrpV940kOCs0qFezVK&index=101
210,Khine Htoo,ခိုင်ထူး,Nay Yar Haung Mha,နေရာဟောင်းမှာ,https://www.youtube.com/watch?v=_TDm6STsrM4&list=PLYSyX_qwcf8WN0RdrpV940kOCs0qFezVK&index=102
211,Phoe Kar,ဖိုးကာ,Thi Lar,သိလား,https://www.youtube.com/watch?v=Wuavug56ieQ&list=PLYSyX_qwcf8WN0RdrpV940kOCs0qFezVK&index=100
212,Phoe Kar,ဖိုးကာ,Di Tine Pal Sinn Lar Khae,ဒီတိုင်းပဲဆင်းလာခဲ့,https://www.youtube.com/watch?v=_3A7XNtYnwE&list=PLYSyX_qwcf8WN0RdrpV940kOCs0qFezVK&index=113
213,Gray Han,ဂရေဟမ်,A Way Sone,အဝေးဆုံး,https://www.youtube.com/watch?v=_TlXlmsqS6o&list=PLYSyX_qwcf8WN0RdrpV940kOCs0qFezVK&index=103
214,Gray Han,ဂရေဟမ်,Yo Yo Ay Ay Pal Chit Nay Mi Dal,ရိုးရိုးအေးအေးပဲချစ်နေမိတယ်,https://www.youtube.com/watch?v=9VTTLrTI1bk&list=PLYSyX_qwcf8WN0RdrpV940kOCs0qFezVK&index=115
215,Phyo Gyi,ဖြိုးကြီး,A Sat Haung,အဆက်ဟောင်း,https://www.youtube.com/watch?v=21EbOSfN3h0&list=PLYSyX_qwcf8WN0RdrpV940kOCs0qFezVK&index=110
216,Christopher,ခရစ္စတိုဖာ,Chit Tar Minn Ta Yauk Tal,ချစ်တာမင်းတစ်ယောက်တည်း,https://www.youtube.com/watch?v=0Mo_kvMW7bI&list=PLYSyX_qwcf8WN0RdrpV940kOCs0qFezVK&index=114
217,Kabyar Bwet Hmue,ကဗျာဘွဲ့မှူး,A Haung Sine,အဟောင်းဆိုင်,https://www.youtube.com/watch?v=cmtCNgM3I9c&list=PLYSyX_qwcf8WN0RdrpV940kOCs0qFezVK&index=116
218,Ei San,အိစံ,Seik Nar Nar Nae Chit Nay Mi Dal,စိတ်နာနာနဲ့ချစ်နေမိတယ်,https://www.youtube.com/watch?v=-nLEYFoYDwc&list=PLYSyX_qwcf8WN0RdrpV940kOCs0qFezVK&index=118
219,Khinn Phone,ခင်ဖုန်း,Mein Khlay A Chit,မိန်းခလေးအချစ်,https://www.youtube.com/watch?v=0Rcwf7aBR04&list=PLYSyX_qwcf8WN0RdrpV940kOCs0qFezVK&index=128
220,Khinn Phone,ခင်ဖုန်း,Minn Yae A Chit Thar Sit Par Say,မင်းရဲ့အချစ်သာစစ်ပါစေ,https://www.youtube.com/watch?v=UKa399h6UXw&list=PLYSyX_qwcf8WN0RdrpV940kOCs0qFezVK&index=129
221,N Kai Yar,Nကိုင်ရာ,Theim Htar Khwint,သိမ်းထားခွင့်,https://www.youtube.com/watch?v=AeY9r1y5pqA&list=PLYSyX_qwcf8WN0RdrpV940kOCs0qFezVK&index=130
222,Nay Nay,နေနေ,Ma Nyi Myar Chinn,မညီမျှခြင်း,https://www.youtube.com/watch?v=wj_iSlfJLpM&list=PLYSyX_qwcf8WN0RdrpV940kOCs0qFezVK&index=131
223,Thiri Swe,သီရိဆွေ,Minn Sa Chawt Par,မင်းစချော့ပါ,https://www.youtube.com/watch?v=blh2OKDUYVc&list=PLYSyX_qwcf8WN0RdrpV940kOCs0qFezVK&index=132
224,Yadanar Mai,ရတနာမိုင်,A Way Htet Thwar Thu,အဝေးထွက်သွားသူ,https://www.youtube.com/watch?v=9zMxG2e6v8A&list=PLYSyX_qwcf8WN0RdrpV940kOCs0qFezVK&index=152
225,Phyu Phyu Kyaw Thein,ဖြူဖြူကျော်သိန်း,Nauk Htat A Lo Ma Shi,နောက်ထပ်အလိုမရှိ,https://www.youtube.com/watch?v=7ZxbVaSfAOg&list=PLYSyX_qwcf8WN0RdrpV940kOCs0qFezVK&index=216